{
    "criteria": {
      "requirement": {
        "trigger": "minecraft:location",
        "conditions": {
          "player": {
            "location": {
              "dimension": "ad_astra:mercury",                  
              "position": {
                "y": {
                  "min": 400,
                  "max": 450
                }
              }
            }
          }
        }
      }
    },
    "rewards": {
      "function": "bugmtr:vehicles/adastra/subir_lander_miercoles"
    }
  }